-- MySQL dump 10.13  Distrib 8.0.45, for Linux (x86_64)
--
-- Host: localhost    Database: mayenze
-- ------------------------------------------------------
-- Server version	8.0.45

/*!40101 SET @OLD_CHARACTER_SET_CLIENT=@@CHARACTER_SET_CLIENT */;
/*!40101 SET @OLD_CHARACTER_SET_RESULTS=@@CHARACTER_SET_RESULTS */;
/*!40101 SET @OLD_COLLATION_CONNECTION=@@COLLATION_CONNECTION */;
/*!50503 SET NAMES utf8mb4 */;
/*!40103 SET @OLD_TIME_ZONE=@@TIME_ZONE */;
/*!40103 SET TIME_ZONE='+00:00' */;
/*!40014 SET @OLD_UNIQUE_CHECKS=@@UNIQUE_CHECKS, UNIQUE_CHECKS=0 */;
/*!40014 SET @OLD_FOREIGN_KEY_CHECKS=@@FOREIGN_KEY_CHECKS, FOREIGN_KEY_CHECKS=0 */;
/*!40101 SET @OLD_SQL_MODE=@@SQL_MODE, SQL_MODE='NO_AUTO_VALUE_ON_ZERO' */;
/*!40111 SET @OLD_SQL_NOTES=@@SQL_NOTES, SQL_NOTES=0 */;

--
-- Table structure for table `cart`
--

DROP TABLE IF EXISTS `cart`;
/*!40101 SET @saved_cs_client     = @@character_set_client */;
/*!50503 SET character_set_client = utf8mb4 */;
CREATE TABLE `cart` (
  `id` bigint NOT NULL AUTO_INCREMENT,
  `quantity` int NOT NULL,
  `item_id` bigint DEFAULT NULL,
  `user_id` bigint DEFAULT NULL,
  PRIMARY KEY (`id`),
  KEY `FKbppq5g7sqgpwuccri630s8k5m` (`item_id`),
  KEY `FKg5uhi8vpsuy0lgloxk2h4w5o6` (`user_id`),
  CONSTRAINT `FKbppq5g7sqgpwuccri630s8k5m` FOREIGN KEY (`item_id`) REFERENCES `items` (`id`),
  CONSTRAINT `FKg5uhi8vpsuy0lgloxk2h4w5o6` FOREIGN KEY (`user_id`) REFERENCES `users` (`id`)
) ENGINE=InnoDB AUTO_INCREMENT=31 DEFAULT CHARSET=utf8mb4 COLLATE=utf8mb4_0900_ai_ci;
/*!40101 SET character_set_client = @saved_cs_client */;

--
-- Dumping data for table `cart`
--

LOCK TABLES `cart` WRITE;
/*!40000 ALTER TABLE `cart` DISABLE KEYS */;
/*!40000 ALTER TABLE `cart` ENABLE KEYS */;
UNLOCK TABLES;

--
-- Table structure for table `categories`
--

DROP TABLE IF EXISTS `categories`;
/*!40101 SET @saved_cs_client     = @@character_set_client */;
/*!50503 SET character_set_client = utf8mb4 */;
CREATE TABLE `categories` (
  `id` bigint NOT NULL AUTO_INCREMENT,
  `description` varchar(255) DEFAULT NULL,
  `name` varchar(255) NOT NULL,
  `image_url` longtext,
  PRIMARY KEY (`id`)
) ENGINE=InnoDB AUTO_INCREMENT=10 DEFAULT CHARSET=utf8mb4 COLLATE=utf8mb4_0900_ai_ci;
/*!40101 SET character_set_client = @saved_cs_client */;

--
-- Dumping data for table `categories`
--

LOCK TABLES `categories` WRITE;
/*!40000 ALTER TABLE `categories` DISABLE KEYS */;
INSERT INTO `categories` VALUES (6,'unapata vyakula mbalimbali pamoja na matunda ya aina mbalimbali','CHAKULA NA MATUNDA','/uploads/categories/category_443b6eb5-8a23-48bd-97ac-0531da6975f7.png'),(7,'Hapa utapata vifaa vyote vinavyohusina na mambo ya umeme kama vile switch, socket, extensions n.k','VIFAA VYA UMEME','data:image/jpeg;base64,/9j/4AAQSkZJRgABAQAAAQABAAD/2wCEAAkGBxMTEhUSEhMVFhUXGR0YGRgXGB0dGRgYHRsYHx0aFxoaHSggGB0lHhodIjEhJikrLi4uGB8zODMtNygtLisBCgoKDg0OGxAQGy8lICYvLS0vLS0rLS0tLSstLS01LSstLS0tLS0tLS0tKy0tLS0tLS0tLS0tLS0tLS0tLS0tLf/AABEIAPsAyQMBIgACEQEDEQH/xAAcAAACAwEBAQEAAAAAAAAAAAAFBgMEBwIIAQD/xABSEAABAwIDBAYFBwkFBQYHAAABAgMRACEEEjEFBkFRBxMiYXGBMpGhscEUI0JSctHwFTNTYoKSssLhJGOT0vEWFzRzolSjw9Pi8iU1Q0RVZLP/xAAaAQADAQEBAQAAAAAAAAAAAAABAgMEAAUG/8QAMBEAAgIBAwIDBgYDAQAAAAAAAQIAAxEEITESQRMiUQUyYZGh8BQjUoGxwUJx0TP/2gAMAwEAAhEDEQA/AL3R6FZmFDQKcHtcHxrR8Q0hfpoSr7SQffWbdHT4hH/NUPWAf5q0/LTZgIi/i9zsA5ObCsidShPVnxlvKazvfDdlrDtNONsLZKlrQpCnOsECMqkq1gida2QppH6WcQEYZmROZ8JHcShwyfVSsBiUrchhk7TNW8MopJSlRA1IBIHiRpQ7ENEzFar0eLCUu8BCCfWoA249qmh1hl6yktuDkpIV/EKiKe+Zo/FY2xPN2Lw5JqA4U16Af3Owi1LzsN5TGTJnQoWvmyqAN7iALGO+qGJ6PcGr0etR9lcj/rBqmGAnDUJMMLCuVMG62KCVpbCbklRN7SIgd1qKbY2GGn3GhcJVAJ1INxPfBFGNgbqrVLiAmRYgmD+POpGwsCuJqDdOGziWy9Y1RfcmaK43Yz6Qfmln7IzfwzQPEpIMEEHkbGsLoRzNddgbgwVjCUqzA+IJtRzDbBTLTzjzbaFRmC1gdnvE0FdcyKB7/S5eHI99Wn9htPAOdYVK+qbnzJua2acDkzDqbek9ImkYXb2y2WyhGPZvNgEqHhMEx51bwO39lOZSnFYcOhOUwrJm7jm1rHE7utWJUq/DSPG9cP7KbSYbGa3pHSfd6605GJhK9Rl7eJp04oJcSRmc7FuypGaxQdFCOI5054LbOHYTDryQfqiVK8wkGPOs/OL6pvq8xImYBsFfWTyMSLazFU8yD6Kh4G3vqdbCUv6thiaw70g4KbF0jub+9Qq0vf7BOCEKWFAGEqQRMCYkSBpxNY8GFcAT4Vdw2BcymEGVdm9oHHXnp66q1gHJkFqJ2AmwHEoUG1NrStJTGZBBBIibjxq+jFJSnMpQSBqSYFZPsTF/JgrKc6lRIHoJjnzNcY3abjplaie7gPAVMuI/QcYM0Hae96PQYUNLqIIvP0Z1t3cR5LLvbJUoyeetLgdqVnMo9nzMwB50hfMJqh/AqPWouYzAQTNpHOtP6tH1E+qsjwePaaUC4tThHBOgPC+pvRX/AG6X+kR/hn76KsBzE6GiturtFTaApJ0KVj91H3U77r9KrL5CH0dWSYkaSfO/s7gazXYbkNp+wj3R8Ku7d2O08guNNFpaSUwU5QrLFxzB4K4+NNYcYmrS1JZ1Bh6TfUuBQCkkEHQjQ1n/AEz/APDYU/8A7jftbernoh28p5peHcJKm9CdbRM99x5pUeNd9NA/smHPLFt//wA36KEld+ZC6rw7OmddG6u24P1B/EPvp27M8J9t/wAGkPo7VDqh/dn+JFGd68aptJymCoJHlKp8NdajqLHrTKYzkDf4w0VeLYE9Zf2jvNg2VZHH0JVyufaBFXsM+h1IW2tK0nikyP6Vhb+CZLiQtSi44odqeZjQ2A90UX3S2o5g8clBPzTpCVCIEECFRoFCb+dMLTneevZ7IXwyUJ6h643/AOS7ve8Rtfq7BJaSvxVliT+7TZunMOQAT2dTH1qUd/hl221+thx73/8ALTluXq54D3mrYnhkkw+0pXFEeYNcBgBITcgfWJVqTxVJOtR43azbSVKcsEmNbmwNh50inpRl3KjDSg6EqhRHdNjUV1CNnHbYzTVorrBlR9RGHfDYjCsHiFJZbDiUFYUlACuz2joL2BHnWMMOKC4AKu4Tp4Ctzb2i1jMG640ZSppaSDYpJQQQRwN6V9hN5VJDYSlWVUWtOVUSARInvpyvUciKGavKuNwe8XdmJYcT6Pa4jMah2ghI0AH4760x7BlRmR4FIPvoJvRsttOHWQ0nOADnSAmO2gRANyQToOHhUbaWIzmaKtSuQOmZe+3NVThaYcHsorJlWUQTpJPlIpkwG5bLiAQ8tLkSRAIiSAYseHOpojniNbbWDvFDZyykQaMB+RRJ7cR1PoOtq+0FJ92ahS2ChSkK9JJKTHMcqhqQwG4l9K6t7pgfaLACyoDWqCnVDRR8zPvpixuGOhEHvoM6xejTbtgzrahnMtbIlQJXflUe2H1gjKYBGnCat4NMJqDaCAQKAfNuY3hgV4xAysWocK/fKF/UX6qvYZm9tTYeNG+oP4NNbqlrOMRE03UMxe2M780k/qR6lLp5Sc7Y70j2ikDYp7AHcoe2fjTvsRt1aUpgRAAPdHGtWqsWtQzHEz6AgMwMK9FmzSnEvuD0Y8psB6+1+6aI9M//AALR5Yls/wDdvUy7s4IMtZQLkyTxJga0s9M3/wAuB5PIP/S599dprBZWHHeR1TdV30lbcA/Pn7Cven7qLb5sFSCdIgzyuYPkYPlQXcNX9oT3hXuJ+FO+09mpdFyQRyOviNDQ1NTW19KHB2+hk6bPDsDTFtrMHOhYEFJEjkJEFPNOtx50ybP2X1+JRFwFBRI4AD/XzAotit1lTEykGQNAPECx86PbC2QWjMpjkEx7Z+FRAu2yB8d57b+1wUIA3xEnpNTG2MIvgpiPMHE/5hTXuiuCv7I99LXSmmNo7PPNDo9X/upi3T9Jf2fiK3z56Ud9zoCNVQf2kER5mB5ikTAYgqxHVlIykEAETaJ48COXOtH3qw+eQUEiNYJBsLdkGNO7gaRE4I9clxJBI4qOWbEX77615NVhVnVxjckHtzPpdBqahUFYwt0ZZkqxTX0Czm84sfUqiO6Zl1qeM/zUc3R2SlplahBUoEEgzaNAfxoNKV9glUt5bG8HvvXo0sGUETyfaNq23sy/D+I94nEttfnFgH6ouo+CReg28O0VnDOnqghvLq5dSiSMoyiyL8STXxjGZpLLCS6ZKitUkEcki5HDW0X7+duMOnAvqeXmJCTAEJSAtBgAaVRz5TMdfvj/AHFXYqJCfsfy0/bv/mQO80ibBHZR9j+Wm7ZmMWlrq2kpLkyM+gHE6iYj211ZnW8ww+ynKrMQExckwADrJ4Vn2MKE4lakEKBXmBFxBMx3240fW40paQ+6rEuTZKLtp7+CR5TSs8o/KHQeDik8NAogaW0FJbg4gqYjOJoiMA0tIzNoVbikH4fiapYrdXCL1YSD+qVJ9xiruxsRLKCeUer/AEq+HE/j8fiakVEcOw4MVF7oMQQnMJ0JMx4eys82hhiCUnVJIPiDFbYY5/j8e6sw31w4RiXI0VCx5i/tmsmoQLhhN+itLMVY5ixghlIVrefV/pRr5Yn9Ej1muNnYArACUz3gE+6i3+z/AOq5/hq/y1juqNjZwfkZ6C2IowWHzlHZnRs42RmfHfAJHlJHrin3ZW7rTSEpKQuBqoAk/dRXKk6EHwNWW2q907z5zM/YJhKBCUhI5ARSh0xidmn/AJqP5qdtBST0wr/+GKOvzjfvNNjAxADloI3Knrm45K/gVT+kAcPeOPcawLCb6BAA6tYIGqSOXDSiuG6SANVvjxJPuUa4TmmzP4wBaUEpzrkpBF1BMFUX4SPXUreI4RWStdJqf0yvNE/ymr+E6Q8/oLCv2PfYRQO284ZO2JN0oOzjdncx1vqPVx8aYN1lwtX2P5k1l+2t5lYrHMKeyIS0SkHSx1KpPhTjszeZDapSkLBEelHEaWPKjnaEqRtH9TkmCLc5+ETVc7LZzZuzJ4GPaDQNnfFo+k2oeBB98VMxvIx2szirmQCgDKIAy9kmbgmTzpZ28aGUJTCAAJ5aVnW7Grf2gPaPvpkO3sPBIdGnEEX8xStu84EhBUYAVck/Z40QZ2I1bT2WJzglKuChPDnHvqvitoKWw7h34lSSlLg0KhcBfK4Anv8AOjuHeQUgdc26RqoKTfyBNcY7CZkKypTeSqTwymSImTpaiRkQqcETP9gJ7KPsx7DR75AXGgoWKVGD5JNAd3fRR4ffTlsSSnLlMEk5rQLJsbzJm0cjS1+7Gu2YwdsjFIQoJeQG1aBYHYV4/VPs8KTd4+sRi30CQesUbXJCjmBHiDWjv7JSrUTJufIj+tJO0mwHsqTmSAnKTrlIBi9+PGufYRazvGfZmIKMEhZCiUgSBObv9G9teOhoikEH6XmU/EGqWyb4eDz7+fderUg/6RXnPqVruIsYAYGMkCP0kjYTpbpBAk+rx5EfgVn3SX1nWtrQUx1QkKSbwtehm1P+Ujh6ifjSX0jp/NHmhQvHBXd407X1uvkYH5GV0wPiYO0AbH2VnyZ33hIFkuLSkdwCSIpo/wBmGP0+J/xnf/MpRwW/K2UAIabkW7SVXj9YQO+rf+8579Gz+6v/ADVtB2nE78fx/wAmgp2rh1f/AFEedvfVtnFtWyuI1+iocjyNYTsdWPxailhAWQJ9IJ9RWoA0RXsbayNcK6fsqSr+EmjiZzNzQ8SPSkeM0l9ID7zuCcbca6sfKQlMqCs6EhRCxHozAsedKOx2seowvDPNgaqcQpI8pEnyopj8wRlUVHjefdU3fp5l6aSxzExrYi1zkBVAkwCYHM8hVzZ+5rzq0oCmUqUYAWo/yJVFXd1XlLTi8x+g2qOAhyLfvUxbAcjEMn+8T/EBTBRFsuYEgQYronxFvnGFHiPnB7VNAUSY3BxTaQlKWoH1Vge8CtWUtURBioSk8jVDUpGJmGrdTnaYNvLuHjG8762fmxdSg4gxoPRCsx8hSkrZ/jXpLelqcHiArTq1G/CBM+ysVxLaUCVEUjArsJppcWgswEW0NOD0XFj9o/A0a2PhnyJW+sJ4DUnzVMU87O3WYQnrHlJIibnKnu5eozTyN1sK6pRWw22lLhyhrOjM0YjODHanN6PdQwxEPXWDxMkLigDFyNJqknbLgEKST3cB4WrWDubh+q69TLiFdWZYQ8FdsFVg4oXJEUjby7FbaxDjbZJSmIKiCbpSe0U2JEx5VA9Ve57zQDXbsBxBGA2qpaspBEm1hbxP9KMhwgG/q86j2JsMuQtBBTeCDPd76cMPug2tIRnd6xWeFBKerSUpSR1l8ycxVA1mDQfxHG0Kmms7xKwu8iGYTlMp52Gp0ImvrW+boV82+UzwAAHqIvTTiOjMOKKEPypJSF52lJAzpmUKkhyNCLeNopN23uyGFoCHEuoWjOlYSU2zLTBSq4MoNUVmVfMJJlrdvKYw4XfLF2PWJUOZQPgBQnGb1pdX1r3ZciFJAjSwjtHhF6hYwxCAKGbR2YVGYqH4gs2DxLHSKFyOY8bL3sSltQKUqHpAAlUiNJSIB+/uvIjfrC8Wo8Ff0pBw+OdZR1aUo0Iki9/OuNn7MCIURJHDhTWV1P76g/7GZlKlZpiN8sIYkuDwJ/pQrfbEoeDWTMYSo31glMcTyPqoU4sLCewlMCLX89K7QBBrG1VNZPhqAfUTRQpz1ExPxOzzcwaqZEcxTbi2rGhuQchWyu3beM9ZztDu47PbWkW+ZWBHDSmDE7+fJsO2mAp4gyViQkBSkg8MyjGk21OokVuQiHFH+7PvFE9m7DRiA4XNEuER43rUDiYWGZJuJvdjMXiOrIbW0O044tsJUB9VPVwCrkCNJk0Q6TF/mRw7fGfqUwbH2S3h0ZWwkAcuP4+NLXSKqSz+3/4dLqD+WZTSj84ffaZ3uke3ik82Ff8AS62aN7PVC0HkoH2igm6v/FPjm08PUQfhRXDnjRXgSdo8xmwmvkV+Nfk1eYcTOF4hwYsjrF5flGWM506wWInSPKxrM8Q6mMuvAkk6iRobg+cVt2Mxmz0Oq6xJzhRKuys9qZJtbWscxWzS08tZUCFukACRYrKhcEctKmvfeWr0ttI6nBweJXxGPcWtJcWpUZYk2AtoNBXpZQMyAnzJ+6vMeHxyQZBCOzAUE58sRzubAjzr0y0SQO1qkWjjGs/jSmMcSRKbmsg6asA4vENrQh5QDIClISpSAErcPaiwIEmSdBT9uThcchDg2g4FqkZCkg2i+iRx5iot433E4tpKZ6pTfa1kqC7A5RERP4mhDMPwu9uJYZTh2VBCUyc0ArOYk6m3HgK1ToUxa3sK+p1alq6/0lKJP5tvQ8KyrfXa3XYlwraAUFAQDbsDKJgCbCbRy4VpnQc6ThcQEZAQ6i14ugTPEmxvfhRPE7M07LF9J17/ABpO6SlYdppD75KTmyJUJJ9FagmyFSJExbjfgb+IxmOG0UNJaBwRRKnbZkrCVmPSnUJGnGgvTYlPyFq4UPlCZkQQOqe0k62pMA7GEEjcQDuc9h8e8tllTqcjecqUlMEylMJEgxJ1MGwpmxO4RPovDzR9yjSJ0JrSnGuhCSo/JlnUSSFtWjQHvmtXTt9Xy/5CWFx1fWB6ewbej6OvnwqbUJnYSovs9Zk+8iBhHlsON53E5VJWkw3kI0IKZKpnugU5MbnpcZS7LyQoNGciVJPWIQorEKBDacxBmCMhNxqY3lLOIdOEdRmU3kdgnsdpLyUkQZUeyoEG108aI7NxKkhhtDUtqCgVhQAaCQnKMmqgQSLaZe+m8JPSKbHPeZrvLh28EWwpwkOZ8pLZEhCgCQJMpMggixBBqvs95L0hk9YQCSlN1BIIBJR6QEkXjiK0ffPYLGLbaS8VKCHJBT2VeioZZIJymZgRoOVZ3uRh0s7YxTLLaSlCFpSlajZHXYcEyQSSEFRHPSptpUaUTUssgx/Ys52CQDCrH2+qq/5Oc/RL/dP3U99LrafkDmXNwMGYs82rjbidO7kKw3rq5dGuOZT8a3pNX3OR21fYPvFMm7YgPf8ANP8ACKAbnjtKP92femmDY5hK/wBZaj7Y+FMJFuYZQE6gQfL3xSr0gGep/b/8Ou9694hhkAJMOLkAxISOKiOPcKXcXtQ4jCYZal51BTqFKIAzEFuCQAB6JTS3/wDkY+l/9h99ou7s2x6hzQ+P+7XRXDaVxu+P7QO9bg9bK/vqTDCmr90Rbx+Yfv1mrsYxvKn5xGg+kOXjXZxbf6RH7w++usIZQg80g+wVKU1onnzMt4hOJdi4JBkAkGQDqBB1rLdv4lXyh5JUTDissKkABZjKdNBFq9NfJQTMD1V5j2jg1HFPoQjMUuOW7gsiaRU6STPRt1rX1pWQPKMffykaGbAn6oPsr1DhSFIQpMKBSk8+A+FZhsjd3BttoU8lKnCkGHTPAW6vS3hRnEbL2WVghGCKS6gwlnIUNZO0FGBJz3kc/VzNIAR8CVXt+PVS9vZiQ0UKWYSAcwgkajWOEEjSg/5EwlgDhZKXSOredbbzDN1IUrPKLZQojjMVmXSO+prFlhl5RaDbZyh9TqAsoBWErUSSMxOpmuG87iB95FMrfcWySUqOYEiLkqJnn5WrSOgYy3ihHorbV4dlf+WlPcHdpjEtrdfKoQrLGbKjQG51m/Ma1oWy9j7NQAlPydHaRJUVkluTnCVJVJVGhJIFEsOJ2I+OFQgCRwi5429YpG6ZJVs05vovNnQg/STx8TX1OBw5bkPgKCbhOIeSvP1idAlwJy5J75ilTpPQ20lgN4lTiC8srbGLW+nq0dWUKWlajkVdVvfSqd4SIM6IcW21j5WtCEqZWmVqAE5myBKrTb2VubW0mlRlebV4OJPlY15mYQlbpIgJVAHCJjSfjVjFbOEZb5s2vEiONvCgzDMdKyRkTXt+980YV9DJbK1lsOgpIiCXUweWg51Nsvb5W024jEttS2hZaLrWbMZC0wsAoyQFEnWYgVizWxAQRm1i5ExebXF6ON7KbywEgGxnUyALz5Ur2qojpp3Yxu6VNvYlLDaGsRIU6RmbUgKUAhKgpKmjISSpSSD9XlWc7H2urDr65t91t1QKVKLSHEqBIkHOTNwLxwPOrreze0JvBm/Pn41Vx2ygVzfw4VwuGcQnTNjMYdob3qewrrWIfaccUkhPVtpTJKgRmUgRrJkwLnWlb8nH9Lh/8ZH31MxswCYnn3WMi3ETXyMT/df4aP8ALTi5YhocTVN1TGcgSQ2bc7pq23tPLYpjxBHwrF39q4lRjrFK7kgW8gLV9GLxvAv/ALp+6lCbTnOG3E0LfDBnFlJSoJItJv2eNhqe61XMdhks4bCoaSUJSXYnUn5qVE8STNLmwFPZCXXVkzoeAoipxR1JMaSSY8Ky6i7ylJt02nPUHMF4LayGMagOEJQHAoq5BSAnTl31Y/LTKdHGz+2n76C7fYBcnuoOrDA1Slx0CJfRlyRNBwu2XVoBbW4RMWWcoHdB91VsLvIpWjy1eC1Umt4W0TA8beqjGzUBItVGbAzIJpstuYcx+1HikpQ6oE/SzKMeE8e+k53DLbVIUoE/SBIJ8xTSGyYAE+FVsZgiqEhMqmIGsnhHOsiW2FptaipVi2cOpZkqUT3k8KIYLDrmVLXbTtG33VdweAUowlJPC1dlogxFxr3TGvrHrFaSzYkQlee0+OpKkKSSYUCDfnQV/YgToJFMTDc1M6xrWPxWVtjNRpVhuIoI2eOEjzols/ZScpCs0CIGYgceANWzhoJq4y3Aq7WnHMitK53EpONKUYJJ8zUf5PAi1XmR2quFnSkNmI4rBlfZ2HCZgVG4yM9EmWoqJ5rtTSB/NH6PLKww/dVhtN6nCLeVSNt3pGsjhJTaa7Rrh5jtGrykdo1wsdqh1943RBhYqLqaJqRUfVUfEMHhzR9g4axlISPowdRzNrUxowIKTYcPjQ3YXoimRhNj4fEV6eJ4xMXsdstBjMhJGYSDpBUJ9lIu2GEJWkpYWwFIzdU4QVJOZYv2jrlkX41qWLbsax7FuLzK6xalrBKSpZkmDH4FZtVjpmvQ5LHfaL+3UlUBAlRMcPjajWxElLaNJyiRAIJ4zwNCdoPZO3E5TppM28taMbHXmbSrSRPhJNCg5T942rHnjtsvAMLb6xaMhBIJByj2i3rq41sdgEmVGeClAj2pmqexMKl7DFtwFSSq4kg2ykXSQeFF/kjf1RWgdON55hyDIV7Iw6iDl7STKVAjMk8CLewyKxrel1acW6nOqyiJmCSCRJiBNq0r/aD5x1GHQnK2VJUVT2ij0soBEAaTeY0rLt638+LdXEZiTEzEknXjRXHVgTlsDErncQvu0hamyEE5iu0CTombcbUYxQUghKnMq7ZkqsReYIURqki/fQrc90pQpSTCgqfWAPhRt3GqUZVCiYupCST4kp5D2VU57StfhZ/Mz+2P7lV8LF0rGUwTxsREa2Mxe/tqhjceELKSjNInWOdF3cYtQySmDAjIjl9nunypc22yetmCRl1AtYmfCJHrFKVz704so/8API+/hLmDW2sLUtAtlgAxc5rA8NKvKbw/okEWJkkiNIEG5mZnu8Ki3Qwq3VqbQCpRAIAi8ZudMP5Dxf6A9/aRrfv8KBVO4+kKmw7hvrj+TF1bWHSAqCJMXWIjNGbMbGB2iJmOFUsdjAha0AaGARwsNb39QpxRsPFK7JYN+RTe3C9JGMYWpTywCUpcIJiYkIIkxaPjQ8ND2+kJe1eW+R/5CGCxKVJClEJN7W0BNzJnQairONdYKRlOVVu0FJVeRfLoBz1ivm7uznXGyppvMUqiQLyctgf2r3499XU7t4gj8xFpEjUQOQ/WHt5UPDqzwIQ9xGzfWLg2mc5byp9LLmvMZo8PZRkCAOwqbGcyZ1gjlYX91K+1msj60ZpUFKChBGVWYyk8/EU7s4rAwOsL+bKMwGWM0GdVT4acKJqT9MC22fqx84v4jHkO9XkI0vIJIIHDSZnjUvW3HYVPinx5+XieV6rb3usF5tWH6yCk5guNQQRGUnmfUKNqf2akSV4hRtKYAAv2jJOogmgaa/0wrdZv5/5gpt5KlRdEGFTe1/REi9jxqaGv0h/c/wDVXKncOcWAytxLKkjMVwVJIJCiAiZAAnnrR35Lgv8Atqv8FdA0Vn/GMuosH+X38o6bvJ7CfCmZlNvL7qX9gJ7CfCmFg1aQMhxCKx3eVnJiXk/rT+9B+NbO4KynpBYy4qfrIB8wSPgKyatfJmbNC35mPhEfbY+bV5e8UW3dMsI8PiaE7Y/Nr8h7RRPdo/MI8/4jUdN7n7y2s94f6mh7rH5k/aPuFF10G3VPzSvt/AUYVWmea3MRMRsLEN4lxTCkhDqiohSZgqHaiCNe+lHejq2nnWS3ncGjijcSEnSPtcvS7qa8Ztt1zFYhsKWAzZLbasqlacbyTc6GwgCTSTvcsqxiyVZiQJNuFuFpteLTNFCOvEudGUqF+2/z+/v1hHdPEFuXAlK8qgrKoSlUXhQ4g0zs75Zf/s8OqSDdruJ5Wk2pS2E2C2qx9LgSDEDlRYYJMA9q9/zhPEi4m2lXxM2YWf3qDiSj5Hh05gU5ktQoSiygYsZ48CKWduKUlSEhRAKSCAbHtHUer1UQXg0gaq0n84Tz1g200oNtleVUZkmIATMEA8+fOgcCFQTCe7yiFKj6vxq8GnCfTPZgXBvYmxm9la8xSxhNsKaJWlKFRoCrW/IeHHnV5neF5QBLLYA9E5jIN7aiK7qHrD0MeBDTQWFJlZOp0tYARrbgfXQHF45SXHmguEqXmKc8SQhH0Zvr7K6f2+4ZSptqI45oJAETB7hfuqji1trfUvMZUPSCOzbhrmnyodamE1OORCuznHMqurcUm5kAmDZB4EchUynH+LrkGRIJsIV+tax9Y76C4bFPAHIhtQJ1VIiIg691XDtNxJslE8eybki89q9d4ijvCKXPaCtouEPOEySDJPMwOeutX0voUMwadAUDBLbYFzYiV3yxHfxiuEyolRFz8KhfZqXj74lxpdskypiMWlSs6EqCQACCADMnQA34CdbXomcvFtwWBuhAkKAUCJJ0BA9fGosM13Vw7hu1XePviH8LtnMibxqLuALy2skDNJ4AWtYjw76l61H1HP8Ap+6rLLUVPkFIdQewjLpB3M2rYB7CfCjzRpe3SPWJkKGVNtDJMA6zAF40OmtMobitUxmcqrOek3D9plf2k/wke41pCRPA+o/dVDbOw2MQkB9JKUmR2im8RqCKncnWhUSlFgrsDGefNsD5pfj8av7tH5hP7X8Rr9vnggyt9pPopWct57Mym/HskVBu88Aym4sT7zWPTjCkH1m7VnJBHpNI3TPza/tfAUaWazjB71dQClBQQT9Ln3XFdDfh5R9JoJ7gCfea0TzypJ2hXbm7jTmI60hQUYkpzCfEp10pD32YCMYsJjKA0ANIHVt6jgJvTJit73/oOD9xP3WpL2nilvuKddVmWrUxGgAFh3AVwsAO0stLkb8STZ21QhKkKRmBM+lHqIE1eVt7tKHUlWknNYkXEECTr7KBBqr+HTECibsRhpQe8Mo2hnEluJAMZjYib2F6F7Q7ayoiJj3RV/CJr6+0IFZW1DE4M1ppkUZHMCIZom23CQK4bTVhWlBnzHVMSqpqa4cwxBq8w0rUJVHODVp3CqP0TXZYdoD09zKeGbhPnXxab1YZQTYAkzoNdK6GBWTYSRqJEjxvalXJO0JKqNzIy3pXLiLVefwq0AFaYBPMH3Gqq4y60uSDgxhgjIkAFflo0NfuvTYBQJ0gG9SKWIk2AuSbADzpwG9IpZPUTpDdSZO6oG8agzlUD4X91dfKR3+o13Q/oZ3iV/qHzkmz9/32ioNlSUXhKYBn6ylRM2008av4PfLGvryJcWmeJdXy5AgeykTCJk6Afjvpu3YSnrkg2JuJsD5+MVuXPrN+n06NWWwPkJLj9oYzq219dnC5kErlKgAcplfasQZ0vHChWDxr6iVFKLGCop+BMmmXGtxh2cqSQqFkC5CoykQNNBQheEynNCgFcxGn361O5iqEiVsrCplfj/PwkGPHzZvwpcdwhJkJJm4hJM+Fr0Y24uEp5ZxPeINq2fZmdbDbilqIykZRGUnOrtc5gAeVR0y5XOZ5Gqtw3EwNrY76vRYdPg2r7qM7N3axUf8ADujxTHvitGxe9+HQ6WyFqynKpSQCkEajWVR+qDUC98EFSuqZU42ixcSReASciTGewJ1FgToK0FBjczJXcXbCbkRSxmxXmUBbiITImFJJEmBIBJEwbkRNBtpFpteVTZCjcDNmGWVAGRFzExwrT98ghWz1PoykKDRCgIJQVpI99YehMLIoV0qpM6252APEMNumMycOVCT6JKo8QBbzqcNu9Z+ZXkJ1iItxn1TTLuxubiH2M7biEA5VgyZyngRltpwmjqOj54qClPJETZIcKTMXIyCSIqpWs8yHi2KdjE/ApUFoCkwCoDtEBJlJgkgyADE1JtHeBlhzqlthSkhMqayLQpRAJjNBA4XJPhTzh+jkQ4et7RhQlKoChFwM2kAiI+lWTbf2WW8Y+052lJMSmwJFpE34aUi1oDtHa535MJ4fa+Jeb7KGCCYUMpSoXGnbj2V+Th3c0KW3lI9EzmGmkC8c/CmTo73LZxWHC3FqIOVzLoAoEiJ8R7adWtwcLmz9pSoi60ggTMWbJjzqhFZ5EkHdeDMexOLUyBlUlYMoNiUgogCLylWs3rnBbedAy5gEzw1Fote3hW2vbh4J1ssraIBUFdlxYIIm8zE9o8LzWW7sMgYptpYCglSgAoA3QlcHxkeyjkdoNzKCXEhJleYIUUrhu5JgZdcw9KJSeNSY3D4hbZKCtXycZipSQOwbAIUE9ognyzGt9w7QCEqkJGUTZI4C8xPtqVlxKvQWFjQwvNHtMUOsdhBg+s85sY55+Q91qigBcJRcjSMkQZvexsb0UVsZ5ZI+T4pwwFg5JHEBCTlmbaG2laBuSvLi8SnSMS8nylUCeXLlTVtDaWHYyh94IKpyhS1SqOQkzR6t+IOkzERuu61icOXmXEtvGSMqh1eYkZFqiEKnQciIrSmdwtnrQnsKUFJvmcckWykDKnUJKvV3zRTe8g4POm4DuHUI5F9oe4zUSHgGQgh8TcFvOOf0knT7qUsTGC7RQwm5OFbxa2XWpbCULbhawcpKkkqIgqMg8ORpj/3ZbJ/7MP33f81DF7SSvaPVgKGVkJOfXMFpULyeC+PEGmf5V/dr/eT/AJqBYwgCYFsjZ7rqj1TS18DlSSAe8gQPOmDEbFxDCmlrSGyLplSVKPeEhR5HWBryNadsrFNs4dS1wEtyqLaAGyR+yBHfWabQ2mX3s7xIC1Arj6KeSe4CPUK5VwMT6X2dZZcCMeUfM/AS4NpqJKWklZAvlAiBxJINUHdphw9oHyV8Ig01ltphEyG0giCDqY4akk62knnEAJm0CgrUpsFIJJCTwHlp4cKJrXGDNei1K6pmHRhex9ZQ3g/NhQNs4j1HXlW57sCcG3+1/GqsRcbCklCohQjw5HxGtHNk9JisOhKF4cLWgKSD1xSmCZMoyGTPGfdU1QV7CeX7W0hrcFeDLI3exTbi2UNpUCpWVZSg2JOqlAqSb/Rmp8NulimlFpPVqGZRS4qQWyuyilI9LzPAaETVDE9LWIJltjDI+1mUfXmT7qoPdJG0XPRdbR9hpP8AOFUSV7zydPS9Ll69iZoG+zTbWzF4VJkttNQDMlCXG0yTESTWEtntU37Q25i32yl99axrlMAEjSyQAaVsYmFm0XN+dzQqsDMcR7qyigH4/wBTeOi1z+yp+wn3rHwo3tXavUFIDD7xXP5pOYJjL6V+zOafI0vdERnCJi/Z9y10zbVcZJSl5eSyjOZISIy2WVaEzbwNEcyDS1s3EFxtDhbW2TMoWIULkX9U+dYRv83G1n9b37vom3r91bId58Aw2UoxLS8gUQlC0rUo3VlGUxJNgLDQVjXSFiwraBejLnTOUkFQ7KR2spIElPM2imA3gEeehZwjDhPIOCPBz+tOO8mJfb6vqFtNpObOXEKUSexGXLIFs05uaeRrLOjHerD4bOHlKTBcVZJPYJBmRppTjjuk7DDq1NtvLSoxPVohRUDlglyU85ynSiAcwGOOyHVKbQpSkrVBlQgSQSDAGmnsrG8KMu01pIunEPAfvup9xpi2x0ouZHQ1hchCJDi15hmIOXshEG4Fp41luI2w86tbi/TWrMVAFJmZkAWFECdPR7rCHcJkcgoU2AoKMJ4akEEC1c7C2QjCoKEIQhFjCCYtOoP386xA7344oKFYp8pygABCABzgwMx8ao43buKXY4rEklGUlx0qRfXMiSCYnhx9S42xmHB9Jp27+IH5TxSAQZfzCDqFTJHOJAp12hg21rQFgZsqiCpGYAAontxCLqFpE98GPNOzi6haYWbaFKiNY0NiNPZV1Tal5c4zEE3W4pZ48SL+dcWQcmEVueBNp332gwjAOtKebzqRlSEm6lpgiyZy6cawvEAxBUtQ4BS1EazxNWks5bQkXPogga95N6/OtTUTdg7cTSmmHT5hvKTTA6vqzdOsHz5eNV/kg+qn1UWQ3Ar5l7qn+IYd5X8MnpOxtV1RyuLJTESRerS9aqYZkKcQk/SOSeRV2Qq3ImY7qtupIOVQhQMKHJQ1/HfVqGyJ9D7LZV6k78yZ/FExrYQJM5QOCeQqua+V8rRPVAA4nQpv3JwyFM5ghu65JKQSUmTqR4UlYtwpbUoagW8dPZNPPR7bBp8v4U14vtuwijynvPJ9oWK9i1+gz/EqJ3lcK3UttNJDbi0Xb1yrKQQrrADYToOOsVLt54P4IuEoKwG8yUj0HJGbKTeLkeFLyXjLgIIPWOSCI1Wb+BqdoKLTqvowkH7WcEe40lmlqVVdBgjH78es86ur8vqJzmUENwB4zQjbTeZYUgk2g6gi550dNC3hc1r074JmbUVBsSjhFpShaV5wFR6Iv93dNWVYpo5VBpwgGQQABMfSgnnXbTdTKMVrN+JjGmz3k7UEhaUAEpEkquOIGWINzzqvvO+cS71ikpSQAOwLGJuZJvf2CpW34FVnEAyS4kAGOJPkIqS2szZlXprRcSls9lbaiUFJJEdoSPMTerxexJT+dSgj6iRBHmJFX9lMYNRGbFXgEiMgEibldtDzqniUwVZSFpScudJCkd3aTIv40zWuOJJKq2OJDiXFFIzLUYF+0YP7MxVdhvMbAnwvUo2mEIKSlBJkAx257JGVXARI86hwW23AbOHSwICu1wEZhA74Md9OqMRkmK9qqcAcS+41CYIII4HWqaxVxC8U+6pPyZal5M5QkFK8oEZ8qsylDTRN6tP7sY9LXXnCOFsJzkjgkakpPaEciB3TU/CdTKC5CN4OwwvV6a42Hs1zEo6xtbITecziQoRqVJkqSO8iv22MOpgSHsO4oEfNoWSuInMOzBEcZpGqcniOt9YHM6VevxRapt38M3iEFa8Q2xlMFLmbN3RaDPAAz3URx+xCEn5OteIXMBKcM8EnTRwBSeOpgWNxFIaLI41NfrBBTao8lT7OZCnl4bFOt4NxABIfJAMgEQYgGCDeLGin5Gwn/wCVwfrNKdNZCNVV6wHpChqCD6q0jbW76MQlLqeyopFxxtbMOPv76z3Late3NPWYZk/qBJ8QIPtFV0xzkR73aoq6HBEzx3dR8aZSPE/dVhrdFwNLdcVGRClBI1JAJAJOmlbA3s5PEVS25s4dQ7CfoK4fqmtZBxCfbOoYdOfpMH2k1LahzHxFE9296mcOyGnS4kpI9FIUFgJAjW2ntqtiG5T5Gh2ztih8yVQkKg210Jvwsa8VhXZWRbxzLWZDdQ5hjHbfwylgqbfuJHYCZBuDJUDFS4jbCFtdW0hSQSJkiLcgOJ4nu9T6zg0EAqSkiAACAeHfQ/bWzEhlZaaSCUmcqbnQgAAXuJ8QK8tNbSWCBSP3yP6hy3eIqqHpWjOQslPZkEns6A6CD3cfCr6jalPH5i6QJMREfZGle7pBknMz6wkAYhzZ+3GQrK42CO7L3cVhU8a62jtJlxyGwW+zo4lKZjlkJEnTQC2vJj6N9i4Z/BPvYppb2V4NpShAKxmDfaSoDOLqv2ogaU/r3IwSEN4YYRTyFKJKlKMt8ZKwUqTJMQmOPgdxRDzPO8ZwdpjPVntA2IFxykW99BMVjTJA4m9yAYnUDUz3+Vb5vPsjD9S6gsYdCW2crLhyFwLv2UBV08LzJJOteecSe0oRcEzqL8ZBpaqgpMa27xFGY3bobtL2g07/AGgNpZvCz2edyIyjtaz5Hg6YLosYDqG3MUSsozKbGpExmQoFJSJ5g6d1IG7m3l4ZLrbYbyuBJIWjPJCrAJJjVIN+VW8XvnjlklWLWnQQkBNuAGVMx51fBMz7S30gbot4ZhrEYdbi2llSFdd2VBQskpAQmQcpueQ50mbP2cXUrKVJBQJhWhsTr5edEsfj3HG1pW4tybytSlEEcpNpr5updSxzA/mHxokYE7OTvNh/3l4RpCU9YtQDSUhLbRssTJzqISREQAIsaCYrpWQrIE4dxWVKkEuuAJXmABU4hAIUYBgd5rNMLh87QUp1KYEAEmbToPGiOJ2QGkFx1OIyZgAvqyEElIMBZGWTBgTwqgp7/wBxDYIG2aG0PgrAUlC0qiLFKTJEG1wIg860/E9IjDQKWsMtMhXFDXpqkKHVtmCBYEHTvrKXFgLURpE3/pTruzuT1snGOOYX0QhJaJU5IJMGezAEwRoZpQF/yMOT2kG2t6EOYtvFN4dttTautWElPzq0rzyVJQDciJMkg0SxHSTiJAS20CkpGYlbkQFQSesAUYUeGvgKA707rrwvVnrEKDylJbAInKQMilH9ZKhwgGdaa93txm0pUnGsvOOlRCeqUoNpTmSi5hJJC8xPDKJuK7yZ3neaImN2mp7ElxwJOZCUwkBKYSAlIAGnZAqn8td+t+PXRTend9WDfQ2V9bLeYkACCVLTEZ1fVnX6WlAuq7l/u/1pcjtG6W9I6oFah0ZPTh8v1Fkes5v5qyxKqctx8Wttt0oVHaTwB4Hn4V52nOHnr6kZrmwsp8fx4VU2whPVLzFIGU3MDh30I2Y+pxMrUo/tED1C1Q707LZVh3SUAlLS1jWykoUQfIitzN5SZ5YXzAGY6+ez5UY2HhAltpIBBVBN9ZifAz8KCY70T4U07Hutr7I91fNaokV/fpPcc+bEaSnx5a1V2q5kZcXeyFeuLVcNBt7FRhXP2f4k14FA6rFX4idM/XS0p2H5vY8fbTIrSlzGCHjHcfWkH3mvtdHyZm1nAhPYG338M04hh1bedQJKCBoIuSCfURUeK2tiHJ63FPr+06tQ8IKoqtsdIJXIB01HfRIJhYy9mx9G3ur2qtP1L1ZniWW9LYg5hGUhaAZF82UeuhWOHbV6/X/Wi+NxCgqAeMaDQ61LtvDpGFacA7aldo8T6Zv6qhaVQgCOmSMmCtnLSFgqTIi453HeKcN39nNYgOL63C4ZCFJSS+sSblUpChfSLEUnYAdr9n4itf6Pt0MHiG0uPM51RxWsDzSFAH1UyuVXaBlBO8z3bLiy460laXG0SAtAypUhMjOAVEwQo2mgmxseGHMxBI0sYNiLiddNLa16D363bwjOzn1M4ZptSUEgoQEmYIuRdXnPA8K8+bRbFjFzrSM5Y7x1rwuRGrdzo6xmMZS80htLS5yrcdSkKEmbJzKGhsRT7jt1MViUH8o7XC20LAU2wzmhyQkDsgXBVxQdTVroeYSvZzKlpBKHFlJP0TmyyPK1C99N48UycShp3IlLoAypSCAUpJ7WWZJOszSM+IyJ1HEzbeXY3U4t5krzZFZMyU5QbD6MmOWvCru0t+8eMoQ4hEXlDSAZjLJJBMwImaqP4lbq1OuqKlrOZSjqTzqhtRIjyqC2kvNbUKE+MoY/aDr7hdecUtZjtE3tYDugCmnZKlYtYS9jHpWSknELJQkxmuSSAKTKa902EuJhYzSsi/clEVqIHeYQSNxOdrbNSw6ptDqHUiIcb9FUgExBMwbeVU8lNO8WAbQyytIOZUgkqUbJCYsTA8qXctYbDhsT1K/MuZ//2Q=='),(9,'Hapa utapata vifaa vyote vinavyohusina na mambo ya ujenzi kama vile cement, bomba, Tank  n.k','VIFAA VYA UJENZI','data:image/jpeg;base64,/9j/4AAQSkZJRgABAQAAAQABAAD/2wCEAAkGBxITEhUSExMVFRUXGBoYFxgYFx0YFxgXGBgeGBoaGhoYHiggIB0lGxsXITEhJSkrLi4uFx8zODMsNygtLisBCgoKDg0OGxAQGi0lHyUtLS0tLS0tLS0tLS0tLS4tLS0tLS0rLSstLS0tLS0tLS0tLS0tLS0tLS0tLS0tLS0tLf/AABEIAOEA4QMBIgACEQEDEQH/xAAcAAABBAMBAAAAAAAAAAAAAAAFAAMEBgECBwj/xABUEAABAgMEBQULBwgJBAEFAAABAgMABBEFEiExBiJBUWETMnGBkQcjJEJyc6GxwdHwFDNSYoKy4RUWVGOSk6LCFzRDU4Ojs9LiJUR08TVFZMPE0//EABsBAAIDAQEBAAAAAAAAAAAAAAABAgMEBQcG/8QAOxEAAgECAQYLBgcAAwEAAAAAAAECAxEEEhMhMVFxBRQiMjNBU3KRsdEVIzRhobIkQkNSgZLBYqLwY//aAAwDAQACEQMRAD8A63JyqVJqa5xRbX03SzNrYQxyyE4BSXaKKqCuBTTA1GfiwZ0qnptEtclWHHCu9eWimokbM71TwBwB20jmFlybyirk2HnXaY3W1au8kqAAPDhHy+FwdCWGpvNJtpXdju4KhTnlTrS0arXt/JZT3SCHigydU7AHqrHSbt34zjQd0tQeKFyYpsCXqrHSSm7FSs2UdDqk8i8t6pHJpbUVV41GAA2mGDIvtP8Af2XkLPNTyaipVRsug1x3Ro4hQ7KPgb3hcHe2V/2LoO6WUu3HJPVPNCXqrGVK1SBt2Rue6QUuXXJM3TzQl6q9nOqm7t2GKVaFlzLTqHX5d5pBxBUg7601a0NKYGHrQsyZUlL4lpgNDxy0oCmVaUvUyxpBxChfoo+BFYbBv827lFvX3SFIXRyS1Vc269VY3XqppvyOyNFd0lSFd8ktU826/VQ3Xqop2HZFVekn5lF5iXfdCMVKS2bopjSppU0vYCucMiXemByTcu+44MwGyKUzqVAAY8dkNYCi7e6j4BLDYPTy9XzOoaF6UpnHlsushg3QpscpfKxU3gdUAEYZbzui0zDCQogVyBjgMsqabdQhLT6ZpCtRIbVfChlhTL0U4R1e1bZmVSqHFtmUcUnv63MpdKRrrAxqThcG9WOUJ4DD3gnSS5VtXVZnJx9ONJ3pTumtuoff0nlETHydaylVbpWQeSC6V5MryC6UNNlRBtKB8GOUWPOmYWElsos4oUlplSarfJNTMOKIwUpVSF3ga5balBOTVmgKF6Ykqka3zjNDS6SNgIICsQdwOfS9k4J/pR8DkOtUX5jovIjjGeRHGB1i24xMovNKrTnJOC09I3cRhBCpg9k4Lso+AZ+ptMlkcYxyI4xqSYwFweycF2UfAfGKm035FMZ5ERqFxuhUHsnBdlHwHn5/uMJZTeAxpWIGjjqnlzKXAkBt26i6TUooCCa57ceB3RKnCbpINKY16MT6IDaBTaDMziACFlSVHaKAXc/TTjGKlwdhXXqRdKNk1bR8kaFOTp5Vy1/k5HHthfk9HHtiQ+8lAqohIGZJoO0xXZ/TWTSbiXgVfVSVDPKooK7M8DnGz2Vg3+lHwKs7LaZs+facmHpdQulBAQb9eUwJVQU2EUgybORx7Y5Tai0MsotBpKw+l26FLNaVJIqk5JIO4Z0rDSO6PPHJSP3fXviUeB8JJXVKPgSr1lCVoyZ1r8nI49sL8nI49sco/pCn64qRv+a2YZ47jDh7oc7vQOhvcaHM8QYl7GwvZR8CrjEtrOqfk5HHthuZk0pSSK4cYpVj90rAJmGjXatGQxpikn1GLii1mH2lFpxKsMgcR0g4xkxnBWFhQnJUldJ9XyLIVZNrSQaxmMRmPOshHUsgrZfM6zEaY0lkkOlhc1LodGbanUpUML2IJ3YxHnLZbk5RyYdOqiuAzUo4JSniTQDpjyzbc85OzTsw5QKcUVKpzQBsHAJAFdtOMelcFRvg6fdRy6vPZ6r/ADrkL/JfLJa/9HlkVyrv3Rj87LPv8n8tlr/0eWRXKu/dHkNbV5VBh7OHVDToxwy9myOhkED2CNLLPv8AJ/LZa/u5ZFcq790L87bPv8n8tlr+7lkVyrv3R4/cRQ0+MI3ebAoPJ9IMGQB68Ol1nX+TM7LX93LIrlXfujB0xs6/cM9K3t3LI6d9I8jvNC4CN3qND641LOrhvIPTmIMgD19K6VSLjoYbm2FunJCXEqJoK4UOOGMBtOLAROLaQ6ujSFBxaPFdIGolQqKpBqT1R5m0ftByVfammhrMrCxuI2g8CKg9Meg9KNOw3Ly84w2HkTAwBVdKcKmtAcQagjhGTExtOl3v8Yak9xqJW4W0pKlkg8xIINUjOiSEgDCm4Cm6JlmsrQ2ElLihfKTepQhTpBBSs0oQaUpFCd7pkyq7yaGEXBQXkrWcqfSAgfM6c2goU5YIFb2ohAxvXs1AnOOgZix29ou5KrM1IhaUp1lNJxW3WuLdK3k4Yox4V2F9GdPW3QEzFEKOTg5iun6J9HRHNfzmni4HPlT94EHn6ppsKRqkZ4U2xEn5pTrinVhCSo1IQLiSdpu7zthWC56DcmEDErSBxUAPXA+Yt+URzplgf4iSewExwagOwdlffGQj4p/xESyRXO1u6b2enOYCvJQtXqTB2zZ1DzaXW63VVpUUOBpl1RwSxpYOupTWgrVROQSMSTjkBj1R2TQ21EPyyHECiVYhOVACUAU36mPExFtXsNarh159KBfWRdTUmuVAOMc8Y04aleX5Jq8+4upHioSkBCEk12Gu7PIxatNDWSeGy7/MI40sk6x+iD/HupGXCxvWq32r7UXuVoJBW19IJqaxecJGNEigSMend0dEDlrplQDEeKMAQoRlxIGGHj7vdGamoGOYH7Qx8WOokrFDHkTywCnVWgkm4uhTjrCm0HdQwm0pUaJVyaiRQOKqkkioCVgniNbthgLNAcTgDiDsN36O6FlvwqNvimtct2ELJS1Br1jryFoN1xJScN+NBdNCMDUHMGGuVHH+LySOvCHmphSRcABRjqKBUnWFU0F3DpFIwphpWKDyZzIXUoxwwXhTHDW7aQX2g0+pjaHOHTgfJV24QZ0RWfljOFNY1wP0SDnxAMBZhpbVOUTStSDQUIIoaEKoe2C+iCwZ1jEVvcM7pB29BjLj7cVqd2XkSpc9bzr1IUbQo8qsjuEG2NE2LQaQmYU6EIUSEoXdBUcLxwxIFQOkxU5TuGyqVG9NPqQRQJSEJOdRVRBr2CsdLsvmdZjmmlmn8y1NzDTChybRSmtE8+6CoYpJwJz90ff8GStg6XdRgcHOo0hr+gmX5W8Jt4NVJuXU36EZcpl13ffGk53Bpe8CzOPIThULQlw1G4i7TooYDNd1mcLnJFWtvuoplXHUiZLd0ydKrpUOaVZI2fYje5tEo4aT1NBGd7hEoQOSmn0KriVhDgPUAmmPGN/6CpUt0VNTBdpguiAioy73drThe64jMd0ebUkqqBRRTknYTjzeEat902ZLvI4Xrt6tE0pjhlnhEc7vHxSa60S5LuFyoTR6afczu3AlsAHOooquOOeyNZLuGMJUeUnHlIOSUoQhWB1aqN7LoEOtafTRSFauNRSgwKTQ7IasvumPPXrooUkBQUkDOu7oMLPbyXE6l7XRn+guVDlRNP8AJV+bom9d2p5T23ffA7ui6PsyErLyzF/kw6pWubxBUnE1w249cXnQ3Stc06tpdAUg0FKHAjd19kV3u3cxjyz9yKas8qVN/wDL/GZ6tNwvF7DkjrNDX0xi+ePpiQ0oHV7PdhDDzO34+OiOmYjUj4p/xjcD4y90NpHxT8I3Caf+v+MMZmvxX8YmytlzDgq2y4sb0tqUO0JpEMdfx1w/KTzrdQh1aUqzCVXeugOcJvQIJWhJvykotbrbjan1BlN4XSEkFa896U3ftndFx7jk7VhbRPMXUY1NFgEelK+2OYTkvMLoFPOON1vC+tSgDSlaKNAaVFYtXc8nESTji31qSlSU0upvVUCcCE480mKMrlF1lknU9MDSSeO26PvCON3sPsj75jo8/pLLzcrMpZKyUIBN5BSKFYAzjmqaU28zcd5+rDwa97V7y+1EZvREdUok5+MfTGtcMNwOXGnq+NsIb+Kd/wBHyeMYCNnlDI7B5PGOgVGVcMqqGW/KMg7eg5fZOyNAdvkq27NX6HTG6aVu9KcjtxT4vSYANT6qjIZpxrl1Rk9GHRkFY7thjAVtpuVkdmB8XrhXdlMObkduKfF34wAPS8w4jmk0NCpJFUKpgQUkU41p0Qa0VU0qcYNFNrCzgmpbVqnYTVNRU5kYRXbxzpxyPQrxducGtDj4axt16Vx+iog83dXsjHj4/hqndl5FlLnredjhQoUeU3R3BWhayZSSemFf2aVEDerJI6yRHm60J55IqAVLWStdUXqrUSTWoO1R7I9Q2e2FN0UARU4EVHpgI/pHY6FKQt+TSpJKVAlFQoGhB4gx9/wZ8JS7qMLlaUjz7LJNEqKBfIqohAFa5jLhE6ynTeBIGJoaoHNqcMt0dw/OuxP0mS7UQvzusX9Kk+1PujY4tlscSo9Rw2amXW0d7TtrS5eGIJypviXKkqSh0oAdKKE3KHMilKR2c6YWL+lSfan3QjpjYv6VKdqfdCyHYlxtXvY5RIPVRSgFQVDVpRRxOzpgfaBWzVxhsXlDW1K1N4Hd0x2YaZWL+lSnan3QvzysX9KlO1PuiKpSTJPGprUc4sG01NuMTKUlKiRfTSmPNII40p9qLn3SrLM4hnk3WkAG9ecXcBSpOFOMWOx7Vs2aUpEs5LuqSKqCLpIFaVOG+Kd3ZbMS6hlJAolRIAH1aUAiirFwlTv+7/GUVqsavV1FNe0QbQO+WjJIPF0GnbSE7oo8pHKMKZmkfSl3Ao04prXqEVWz2ZC8QSshIJVRGwG7l0kQ7MWSG18pLOqQrMEEoV24GN+WzHkIbmpcoUUqBSRmFJoR1EYRogjh6PcYmHTKbFG5pDc2gf3qaODyXEUUOusP2fpOwhN0WY2sja4+tRNfsARYqm0jm2QEjh6PcmNwn4x/CDSdM6cyzJEdKVKPppGE6bzldWXkEdDPvcgzsRZtgdlZScKFO0e7GJqaEVTQjaPjbB2R0otJ5VxtyVDhSVJCWUYkYlOKj1GIsxpO6DdtSRC9nLspDTyemmoqm5VIqdSLegmqTQ7o2mrM8cyWUYHzg7YBJQaDDxTsHGm2Lho8mTLE24mbSpgtJvquHl2wFg67NMekEgwLvWLgPlz+7+qkZ9KYWEqJVKt9q+1BODaVgGcjhsGzoG+Nxnlhe3DbUnbBdS7EH/dzR2YSwAzrtTGFTViDOZnDl/YIGX2Y356JVm5AUA0y2Hdsx+lvMbVpuyB2ZjV3waE7YmYfnTQ1+abGP7MaJn7EHjz5GI5jIwMGeiGbkCAocKVp4uSuvcPTGtejKni5px37qCDJtSxKc60Ds5rI6IybYsQY/wDUDjXJnPtgz0QzUgPeGeFM/F24H0wY0NIE7L5c8jC79EkHCNDbtiU+atE04s5budBPRS2bLXNspZanUulVEFxTdyoSTrBKicgcoyY6snhqi/4y8mTp05KS3nV6wo0vQo8oszt2Hpy1kSso7MOc1sFXEnJKRxJoB0x5anXVPOLecoVuKU4o8Vm8acMY9C6USbMy0JZ+/wAmFBdEKu1IyrvA3RWjoJZxxuPfvfwj7/g2dTilNKnJ8lbPUxxq0oSeU9JxpTVB+EMLRHbU6AWco0uvY/rfwiJbOhdjy4q8XU1yHK1UroSBU9kbs5U7OX09SbxNF6mccCcB8bY1KY6nZth2G8biS8hdaBC3bpPk1FD1GsGf6ObN+i/+9/CDOVOzl9PUjxiltOKhvDZCCI7YnucWb9F795+Ebp7m1nHY9+8/CFnKnZy+nqNYijtOfdy7SQSE8hazRlzvbvBKjgv7KqHoJjs/dFavpRTEYmoUBhd3mK8O5bZp/vv3n4QTtxTMvLMtOXnEJBbRfcAVRIwBUoY4Yb8IzYipNyp+7lzvlsfzKpzpyu4vqOF2SkF5zHYrZ9eLzpHZt2UJunFACcAak0AxTtqRnD0vZVnoUVCWmzXMpfSoZ3uB7BB1215IpuLZeApQhRoKcdW7GyVSpotSl9PUzpx2o5GuzHQNdDicKi8CK47K59UDK1JG6Ouldm495WoEUoh9KjiNiDTW3UFYjS2jdlKUV/J5lO3F5IzO7pwpnXMCIqdTspfT1HeO1HKVARoUx092xbGJxbfB2AvhJI34jKG27DsetFS82Oh5J7KkAimOBrwiWXU7OXgvUV47UVGzV3ZGYUKhd5FFDAjXRkRjvjaT0rmgm46Q82RQpcxNKUwUMfXHS7OsKwi2tkPPIQul7lCsDAgjXulOzfE+S7lVju4tPFzyJgK9UVupLrpy8F6jW9FY0PQw61OBLdwrYQVAHApLlBSmAxSrZtiP+QGK0CCT0x0gaHS0i24tvlMW0tnWBN1K7wpUUrUnEwBsi1pSYQVBl1N1akGqk1qnbgIy0a0lUqWhLWtmjQvmaFG6RT5rRdBOwdcJrRdrGtBh2xeJmclUIWstOm4lSqXhjSpplwhMWhKuNoc5FwBaQsC+KiorSNPGZdnL6eos09RSxoo1XLHgN8Vafm5dl1bfIKVcUU1CgMjnS6Y6zN2zKtpCuRdxWlvBYzWoAHLeYCWho1Za3FOLZmCpaiTR6mJx3Q1iZPXTl9PUealexzn8sS/6Mo9Ln/GMqt1itfkv+b/wi7/m5ZF9COQmqrSpQ78KAJu1rh9aErRuyP7iZ/fDfTdD4x/85fT1BUJFGVpA1+jD95/xg73PrWQu0ZZAYCSVnWvEkaquEFWrCsdSlJ+TzWqoJ+eGNQFbuMGtF7Es1ucZUyy+lwKN1SnQpINCMRTHAmKMViL0ZpwlqezZvJRoTvc6fSFG0KPOM4jZc5F3Tp19E8eTccSOSbwStScaqxoDSK9LaTzYwTMuV3KuqP8AEkwc7qH9e/wkbt6t8VFbIOY69vrj1Lgp/gqXdRxa6WcYfOmc/dKQ6nEUvckm8OigGMAXnXVKKlG+o4lSlEqPSSSYZKVJ+sN1Me2mMbtvg4ZHccD7I33KjJANRmDsP/qDNjaSzUvghy+j6DlVJ6jzk9R6oEEfFfxhAfHwIYHUbG0+lXaJeT8nX9Y1bJ4L2dYEXFhKSAQQQcQRiCOBjz71fHZBCyLZmJY1ZcUgHEpOs2elKsOsUPGGKx3dXTFW08XRpqq0p11c5N4c3pFOkwJsrujtq1ZlBbOV9Gsg9Kecn0xO0yn21S7Ljb7d1S1UVUKSrV6c/gxkxK5dLv8A+SJw69xT0XFZfJlHPVWW1CpzwqR08YmLZW2m+pLqEUJBS6FCgN3JZ2HxabuAiML5/uHMd1MQMNpxp2cYDWpKLcKGhRtNSUoSqrZWqgyoKE0Ca77vSN0pW0kUrsmvW8yg1Ki4qmCQAborkpeCSTtAB2Y7Yjq0tJTdLJCScSlWKhuJUDXDAY1GOOMMaNWIH7xAulCrqgsVWD5OQ278ostq2AGpZa0qXeCa1vHhsGEVOs+omoAJrSZs5rdHBbaFgbhqUNIdFoyq/GZPSlbR6a0ONYZVZDpUQHQrEijjSSrhUC9SsQ/yaslSS0zVNKjWQceg8N0WZUthGyDCZmvNuOjgpC1J6DUKI6ceMbUQrHCo33klJ6FhVO2AD9kUzYVTeh0EYZ84e2NpWyiUhxDjjQJIBUQkVTUEVCgcxugy9OoWSdC0YmFluZSXFrSG00BcvpBv7BeIHYIBaGq1HhumXPZBLQppaWZoLcLh5NOsVBQ54wB53bAnRNVDND/7lfppHMj09XevtR0KGmmg3amLTo/VOeoxHsZXgrHmUfdESJ4VQ4P1bkQdHz4Kz5oeqLbmixpbh72n/wAhr76YITBx6/ZA23eYn/yGvvpie/t6/bCLUuUDlHwhrgy7624cWPZ64ZWfCEcGF/eRDy8+yETgtJDkaX3fOj0IEG9Gj4Yz0++AVm5qO91Xowg5oz/W2ekepUZ8Z0E9z8iS1HUqRmFCjykqucb7qB8O/wAJG3iqKmPjm/Hvi3d0+vy454NI3fW3xUO3sHx7o9a4K+Cpd1HHrdI95mnxh7D8cIbcZBzHoPrrDt3h/CI0pw9HujeisaurSMCV8DWvb74yHwTQ4Hcf/Ub04egwlIrmPQcoYGbvx8CFT4+BEfk1J5prwNcuBpG6ZgZHA+jqNYdwHq/HwYuMiFCzGbiUK8IdJCjTxRlSuMU34+MYtqVI/JbN9Sk+EO0uqUFHVGGricNkZcTzqXfXkyUdT3EFxFedLoypqkHAnClQIHzTKT/YrTwBFK7RgrIjHpEPFbWyYVTzldU7BX2YiMLNf7euIGaDjmnZG5kCVZ1o8m4mdFaarU2mmJSrBt+g3kUP1kn6UXbSgAybygagtqII6KgxzVfKUVdc5wUlQAGIJ10HhgD1QXs23gmQelXSahCksmhNQoGiagYUO/fwjNKD1osytAObtN0OF0K1jnuI3EbokyFrhL/KqQKEUNzAp+smpz6TjUxX+VPH0Q427vr2GNWUiqxYZq2+UDoW3eSsamNCg0zwGO+kS5E0kkEFQo+4NVIVtJoQQcIrjL6RgSMsyDB2VeSZE0UcJlXMzoUVrQY0xiEnpRIPaLuC5NY/2af7MpPPGZ2wC0dwdmx+vr2wX0Vcq3N6yz3tGCk0/tBtoIC2GvwibH10HtEcxfEVd6+1HSwy92v5LDM81fkr9NIH6OHwVjzcT3DgryVeoQL0bV4Kz5Hti00paTNvHvafPtfeTE55Xtgfbx1Eefa+8ImPKz64VyyK5RCP9YHBk/eHuh5Yx6/ZDF7v54Mj0rPuh0nHr9kRbJwWlkOzDgT+scP8cHdGR4W15Q+6ffFfs06nSpw9qiYOaNHwxnzgH8MZ8W/cz3PyHbknVoUKFHlZlucZ7qX9f2V5JGe3nRUrwz1d/wCMW3upnw7b80jIV2qiohZ3ns9PxhHrXBXwVLuo5VbpGZw+r2GME9HpjJV5XYPikKp+tXq+Kx0CsyCOHpjHZ2mFQ8fR8UjOP1u0QCNeztMZUARjTtMIV49ohGvHthAM8mU80gDcakRdJZ1YstghF4/KHai8BgEitMMeAioj41ot7C6WYyb4R4Q7iUlaeaMDTIdYjLiOfT7y8mThqe4FGYV/cKwxGKTq7dufD0w0pQ2sqpTcnmHrzrDyXMu/Dfi0oU8rEUTurTZGt84VeRvpySh262COPRHQIENxCNrahv1Rh9E4b4jqSkZJUDwSc9ogipW51rI5pUKjjjzfrZRHUvD5xs4fRI+0cew5HfEbAQzTef2T7oxhv7U/hEpTh3o9Pxj8VjRTx2XO0+744QAMpu709kSmCgYhSEnKopX01EYEzTYj9r8IfbmuDfWv8IYFm0UcBam++Xu9Iwww74N2MArIV4XNf4Z9EHdGHasznM+aTzTU88cBFfkDSbmPJbPojkr4irvX2o62FV6Ud7LKo4HoV6hArRxXgrXkn1mCFfUfUIFaOq8Fa8k+sxbc1paR22laiPPN/eETHD7YgWydVHnm/XEx059cR6iaXKIgPf1+aT99UPrOPxuiKPn3PNN/eVDzh9vshNlkFrItm/Np6Ce0mDWjqvDGPOj7p90A7MPekeQPTBXR5fhsrxe/kV7opxPRT3PyE1yGdhhRm7Cjyu5iOL91P+v5n5pGWzFUVD9r49kdL0/sZp2b5RcwlvvaRQqSMq7zWKuLJkE8+ebw3OI9nsj1jgt/gqXdRyqy94yuXTuPb+MZA+qf2vR8emLGWrITzpivQVn7ojUv2KP7RZ6EO/7Y6GUiFmV8p4emMEDcnt+O2LD+VbFTklxX2F+0iNF6S2UObKrV9hA9a4WWgyXsAOH1YyDxHZBsaZSSeZInruD3xhXdAA5kk2N1V+5ELLQZDBCUKOQJ6EGLrJXk2aymtxRfdpfTwGyK473RJnxGGU9IUr+YRb7McNoWYjl6IcU84EKSKBJSABhXI5RmxE1l0+8vJk4wdnuATji0kJVMtg+KFISFE/WxFR0Uhv5TTOaboDQ4JqDuGtzeGfGNkm4tTDrQ5UChFBrDpNK7xvjAcXhSWSKYI1k6vlYYdVY6RUarmRtmmxTOgT2JxPYanHohpU0k/wDco6gkdQrWh4GtYk8o5/cJAGy+M96aJpT0wr730Gt5N5WPDm4HjjBYRCU4na/xOqMOGWHQcY1qn+8X+727ubgeGcTwH/1Y/aNBu2V6cOiMcm8fHQOhBNBuBKseyAZBoPpunZ83/wAM4dR5Tv7v/jEnk3MKupGOxIGO4VJ9p6I0JpSswBiR4g1twqNm7OAAzo5XkZzFw95TzkhI5/QKmK1KHwx/yERZdH3UlicAe5Q8knCqTTXGOqBnx3RWWFeGO+bEchfEVd6+1HYwnRLeWC97fUIFaOnwZvoV6zBCvx1QN0ePg7fQr7xiw2W0jtsc1vzyPXExxWfXA+1jg355ETFqhdRNLlEZB7875DY9Ko3eXn1wyk99d6Ee2MvHBXQYTJR1M0s/BpHkJ9kEdHleHSg/XH7i4HS3MT5KfZE/Rw+HyfnFfcVFGJfuZ7n5DkuQdovQoVIUeWHPOUd0XRhuZneUVONMq5NCbi0KUrAqNapwxqeyK7+YkuKk2jL026i4s2nwrPHzbf8ANFbnVAJUDmceoXanoy7Y9Q4Nw054SnJVGuStFo+hzK1a1RqxlOgjBxE/Ln7C/dDrPc5C8W5tlfksur7boh2Sb1Psj+aLBo5pgiSQpCm1LClioThrBCaCtRjlhxjY8LVS0VX4R9Cl4lLXHzArfcofP9uin/jve2Gp/udpYIS9OMtqIqAptYJGVe0GOkf0ns0xlnu1vOtPp74oemOkSZ19t0IU2LgQL1Mbq1E4g02+gxFYSs3pqPwj6FjrxtoXmDEaEs0/+QY/YXDc3oS3hS0mE/4a8fREhJTQ6w7RtWIjTb+Kag3TeAPWcabBx4RZxOp2r8I+hDP/ACX1G/zCSf8A6oz+7XF80esRDFnhKplDiEOLWXQFXaKphQ44e2KkFjHPAK2HYmLK2XfkLXJAEcqq8FqKAU3EkZAk4xlxOGqJ01nHpkuqOx/IshWvfR1D1vWQw82lSplCXEc1y6qpTuUAKn44wMZsYLF1M81fO3kV0pXOhAx689kNtWy2VEu1QUml2hVjvBSKEbjGZebmF3phCG0oyQHCq+pO/DBNc8axuWGrR0Ks/CPoQy0/y+ZsrRhV66bRRhldZJV9qgII6AIy1ooFA/8AUK0OvqlPVzapw3RpZ1uMpQpxfKBZqbnJrURTxahN047a0jQTE2hhTqktUVVRRjymP1ubXhTrg4vWv0z8I+gsuP7R9OiLSqq+Wk0wqC4KAZjACM/mhLhIX8pbu0wJ5Sg4jd1Q2q2mhK3EX1OKTQJ5NaaqXnVSkgAYnGuyGbVemG2kcoGig0BDYVeQDht5w6KGDi9btn4R9B5S2ExWhsukAl1gA4CqFY16RmYe/NZlJCeXYBOAFw4jOmUR7WtlLnJtsArXfHPQtCAADiSpI7BjDUzOvNTDRmAhScdZpC6g3TgUaxPSIFh63bPwj6Cc1+3zDbVkNsszIVMNgFsXlUVRCb/OOGVcMIqjdjSwfU7+UWKFITS6uvTWkGrUtJD0tO3AuglxUqQpGPKjAXwCeqKE0mMlDB1J1qt6rvddUf2r5DqcIToQiopFzEnK/p7H7K/dEezLIl22ko+XsKpXEJXtJO6K823j0g+yN5NFUDojUuDZ9q/CPoZ5cO1kr2QfnLIl13fD2BdWF81eSdmUOmRlj/37H7K/dAFTOqfteoRFbRqjoEHs2d+ll4R9AXD1a2VZFiFlSwUpRn2Na6Bqr2dUZXY8uqqRPsVVUDVXmeqK86jVHlCHpVHfW/KT64PZk2+lfhH0D2/XS1INix5dGoZ9iooCLq9nVE7R+xWvlUu6mcZXcWdVKVVUSmlASKbYrVqsUmHRuVBrQlHfmfOn7oijGcGyhQqSzr0Rl1R6k/kWU+Hq85RjZaWl4nWawozdEKPLc2dzQcv08ZBn/wDDb/mgK7LAIcNBW6eyrZiy6YorPHyGvWqBU2zRp08P/wCUeq8Er8FS7qOJiOke8j2XKJuc0c0bPrkQxPtAIQKCld31EQWsdvvY8hPpWYiWu3RLXE/yNx0OorMhkXTgMyMuKREWfTroFMyf9RUFw3gfLI/zEiB86jvzQ6PvKMD1C6zKUYHq9LgiLaY1kdB9KzBZhqoHEt/fr7IgTqKutD6qfSomGLrNynnn6rnug7PrpKsovBN91QqTQUCBXOBgRquH6v3nAPbFhtCUbVLIDiEqAcXzgCBRI2GMmK51LvrykW0+vcAJ+dS2lLLYLi15JboTd2kmtB0kw07aBcUiW5NbSz4qrpqNpBQSDTtiTZku0i+6lCEA5BIAwAwqBEeQkkTK1LdQFJTgmuV7acOHrjU1YCbbs2llttmiiVmiUpF5RSnOgHVicIhTFoB1aJfk3G1EgXVihptIoSCOgxIs+zmkzClNoCQgXa44kYnM7/VDJlETUzRYJShJOCikgnAUKSCNsHzEyfpJOIbDSVV1l4AJJUbuwJGJzHZEB60kPPtNALSoKSShaShVBjUA5jDZDstZbSJoXL2qjG8tS8zXC+TTADKGp6TTMTaEkqF28qqVFKhQUwUnEZwxaCfpDOIbWyVmgqTkSSaCgCRiTwEQ2rUbem2wgqBBNUrQpCuacbqgDTjCFloamWqKcWbpxccU5Sp2XyaVpsjS1pVLs00CVJNTRSDdWNU5EQtIaAxb6fBJvzH86Y53LpqAeEXqYs/k5WcPKOrqxTviyqmuMvjZFIs1NUJ6PwijB9PW3r7UZOEHyI/+62TGG9Ydf3T7o0s9PexwqOwxKYRiPjYR7YZs9OChuUofxGOl1nJveD/j/R+7h1+tJ90QGk6iegQS94+6qIDXMHRAxR5phwao6R7YelR31vy0+uGnDqjpHrMbsHviPKT64FrB6iXbA8Je8r+WCmhQ7835w+pMCrUPf3ON37ggtoX8+15Z9SYzcIfC1e5LyZbh+lhvj5nVKwoUKPH8k+8yUULSQpM+oEgajOZ+uqBdrLSGXUjWURXDGgSloknsp09cFbZFbScH6hn/AFQI2tpNJeZ837VR6bwS/wAFS7qOJiF72W8G2KpPIp1k/No2/XUYHW06klkA1AWEk7LxQ2aV30p2wZ0RTVhs/UB/zvwgZpb83KDetP8Aptx0SkKBIpmPnN/69PugGXUrm2aHApBGyoFakbxXbFmUymmQ+dIy/XIHsgBOAGfYBAICE4bPGMGtAEJRGqjy2/QlSvZAptxK5pkJNdRqmyopmK5itcYMyjCLreqnno2D+6WqIZaSZtuqQbqWhiNzYMAWN5duqFcUtjtdBghpSkuy7Tba6JU84lwpzIAxSFbMaViLJS6btLo5zIy3kn2QY0pnGZZlkrohN5VKJN0EiuNBQDpjHinyqff/AMZbTWvcUe3rKl2UANICHNi04KrxPjVOwwQlZuZl5cAyo1U1Kg8ml47SCK57IiyA+UzQOBQjWJ2fV9Pqg1brtbjdecaq8kb+uNjFcES1jq5HlXH3g4anUWUJBO5AwI8qsaaMWg42lwrYfdUVUvtpTdUE5ZqBrvwifpBNhLICSCKZg1EE7Ob5GWSD4qLx6SLx9MFhX2gGSQ9MOOu8q5LpqbqUhPKauGsVBQGXNERbJtFTMyvluUcoiiVttKUTUjnhAwOGe2DdkApYKjtx7YY0UFVPr4pT2VPtECQXIjs8uYmQJclsBAqtxtQIJJNEoVSvScOmIzs04xNtl9YcRU0WlBChqnApTWvSINtms4vglI9FYiPK8Mb6VfdMOwXJ7lqsvSs4G1FRDQrVKk4FxIHOAilWSoXBwJHpMX62DSSmzubH+omOXyExS8PrGM+Edq9XevtRlx0MqCts/wBZZ2FCo6R6xEOTXisblq9OMMy0xiIhtvHlHBxB9EdFvSjlQhokg0p0Hqp7RA5hzVp0+uMsuVr0e0RClV4Hyj64TYRhyX/BPdV3v7Q9ZjLK9dPSPXEd895PTCaVrJ6R64L6QydHiT7YX39Y4J+4IOaFK7+15Z9Qiu2qrwhf2fuiDmhSvCGvO/yxmx7/AA1buy8mWUF72G+PmdarChQo8juj7yxQraXS03PMM/60bW854PM+a98D9Lpi7abg2mXbPUlZV7I0tZSy0+nVoWyScTgAulONU9hj0vgr4Kl3UcHEP3j3kvQ50fJm/Nj/AFVQI0qcr8jH10/cajfRVajLougmqANmx0g5niIgaQXqSyiKAOJAxqTVDZrQbMKb46JSXMKqB57/APYr7Iq7y/8AqLXBlJ/yyYMNzBCU1BHfDXA7HFH10itl+s8F4gfJqiuB+apkfVBYC0owSnga/sy6vfA294YeAH8LNYmOzCQk4jBLpz3NBPtgUl4GcfIxoHD1BqgMDGGLNPNH66XH8KzE/T58Jlkg7VU/gBgfZvPR59J/YaPvjfThkvJZbHjTBSeADSa+oxixXOpd/wDxllPr3Fc0Xs+baavMlgJWbwS4lV4DYKpNKZ0FNsby1mmamFLmghYTqhCa8kKbaKzNd8WWbdDLRI8VNAPQBECy2+TZKzmR6425Irsq1r2ehEwgSzQFVAKaSQlKxmeAPGDVt2vMllSPkimiuib6nG1JTU44JNThXCGtHUcrNqWcQ2k9qsB6KwS0mXUtN71XuzAeuBIVwW/o+lMuFl1/lKVvcqoCvkVu04UhvRa1lNMqC2H3FFZJW2gFBoAKjWB6oL6RLus04Q/oyikq3xqrtUT7oLBlbQFKNuTUw6q+6witAkUS6aCmscbo4CIXKKlptsrU482Ccbt90appzRVQ6qwfsU1edP1lesxBB8Ob6VfdMNILhCctVD0hPhKXQUsg67akeOMrwEcyl1axjrVvf/Hz3mf5xHIGFa3VGKi/f1d6+1EcQuQtz8w1LLxEMLNHlxtLHEdMaP8Az6uIjoPUjlxWl7idLZxGls1+UYkSxxiOzzl9PsiewrXWSXfmVdIjVs4jpEZX80vq9kNoOA6oHrEtX8k21T4QvoT90Qb0IPhDPnf5Yr9onv6vJT6hB7Qk+Es+c/lMZsf8NV7svJkqPSQ3x8zr9YxG1IUeSXPuTkunq6Wor/xkj0qhq0JnVe82R/qe+CemtgTTs+XWmVLRyKU3hSl4E1GJrEGc0cnSl0CXWaoIGWJ1uPEdsei8FYyhHCU4ynFPJWi6OJXpzdR6GM6ITF1lA+qfS6DEXSF6qZYfrE+hDcELE0cnUNgKl1g3fq53id/RDNqaMzyixSXWbq6qxTgKJG/geyN3HcN2kfFFTpTvqYVVN6o84T/mk+yKu894ZXcz/wDiiyfkKcoO8L51dm9R38RAhzRaeMwtfyZd3k7oNU4m4Bvg49hrdJHxQZuexhB18ZcHPupEDg6PlDx299HoAgudH5uo7wvJe7aU027gYgNaNT3KuKMuuhK6GqdpHGDj2Gt0kfFBmp7GTpFwXk+W7tOxsD2wUtCeYl2ULcqlIeWlNEKUBqJBwQDTAZxAk7DmwpJLK6AuHZ4wSBt4RY5Gz3QyQpshXKuKpwNKGMuJxmHbp2qR521bGWUqcle6eoo1u6QJmChmUUFkmq1EKCUbBeBAJO2gjW1mJxhoH5SHcKlstpQPsqTiOuLAiwZhUypxTJCRQJJpiBtz31hnSaxpxzBthahwp7TGp43DP9SPivUeRLYQtB3muRU4XEBS15FQCqJwAIrvvRFtifWucuS6EuLQkCpVRtJOOJGZ4CDcnoM3ySA5KNqXdF4lCSSo51O+sNWJow806siX5NF43QKAU6jC49h9Wcj/AGQs3LYytaS2hMo1ZlLdDgFtFRA4EKFeuLtZ7VxhpNOahI6wmAmlGjk48aJYUpJwOW3pMS3e580AbrT2Wx5e7y4fHsMv1I/2QZqXWn4FfsS0nypfydkOYm8tS7iK1yBoSrqEN2bOKXOtpcbLblVVTW8CLpxSoZiLPozo9MNN3VMqThQDD2GBk1ojMuzKCthwN1JKkqukYHIpVUQuO4bXnI+KDIl+1hi3R/0+e8z/ADCOOtHFPRHYTokpuVm0NIdUtxq6lK3CupvA0F44Rz1vQi0tXwRzAY4p/wB0ZKGMoZ6q3OOlrrX7UOtSk4RstpEYOXVCm/nx5MG2tD5/9GX2p/3RtOaHz5cSoSy6UxxTu8qN/HsNbpI+KOWqNTK5r1PqBrBxEMN/OL6R6oPs6JTwI8GX2p/3Q2NEJ++o/JnKHLFP+6Jcfw3aR/svUrWHqaeS9WwHK+bX1Qw2dUQeGic9cWPky8QKc33w0jRCfugfJl5b0/7obx+F7SP9l6iWHqWfJevZ8gfPfPHyR6oO6EHwpnzn8phmb0Uni5eEsulKeL74K6JaPTbUy0txhaUhdSTSgFDuMZcbjsNLD1UqkbuMvzLZvJUcPUy4PJetdXzOp3oUaxiPLctH2eg2MbCFCij9Ni6hGFChQR6NgKMwoUTf5AEIxChROr1bwFCjMKHU5omZjEKFCrc0BQoUKLUAoUKFFVLW94xGMQoUKrzogYVGDChRVV5wIRjMYhQnzBmIxChRrQ0bQhChRXPnoRkxrGIUQ2gKFChRMZ//2Q==');
/*!40000 ALTER TABLE `categories` ENABLE KEYS */;
UNLOCK TABLES;

--
-- Table structure for table `items`
--

DROP TABLE IF EXISTS `items`;
/*!40101 SET @saved_cs_client     = @@character_set_client */;
/*!50503 SET character_set_client = utf8mb4 */;
CREATE TABLE `items` (
  `id` bigint NOT NULL AUTO_INCREMENT,
  `description` varchar(255) DEFAULT NULL,
  `image_url` longtext,
  `name` varchar(255) NOT NULL,
  `price` decimal(38,2) NOT NULL,
  `stock` int NOT NULL,
  `category_id` bigint DEFAULT NULL,
  PRIMARY KEY (`id`),
  KEY `FKjcdcde7htb3tyjgouo4g9xbmr` (`category_id`),
  CONSTRAINT `FKjcdcde7htb3tyjgouo4g9xbmr` FOREIGN KEY (`category_id`) REFERENCES `categories` (`id`)
) ENGINE=InnoDB AUTO_INCREMENT=34 DEFAULT CHARSET=utf8mb4 COLLATE=utf8mb4_0900_ai_ci;
/*!40101 SET character_set_client = @saved_cs_client */;

--
-- Dumping data for table `items`
--

LOCK TABLES `items` WRITE;
/*!40000 ALTER TABLE `items` DISABLE KEYS */;
INSERT INTO `items` VALUES (18,'mayai safi ya kuku wa kienyeji','/uploads/ab803738-95b5-42d7-88ba-f24aa1d75adb.jpg','MAYAI',500.00,100,6),(19,'machungwa matamu kutoka mwanza ukerewe','/uploads/92e378f0-2c68-4fa7-a755-7caacd71cf4f.png','CHUNGWA',300.00,50,6),(20,'mananasi mazuri kutoka chalinze','/uploads/797321fb-48de-4e6c-ab05-4938426e134e.png','NANASI',1500.00,70,6),(21,'kahawa nzuri','/uploads/43662098-5e1c-455d-be51-9be4a293fd6c.jpg','KAHAWA',200.00,120,6),(22,'nzuri','/uploads/9d1fdd0a-c057-4056-9383-ce4d3d3a4132.jpg','NYANYA',300.00,50,6),(23,'','/uploads/65405115-f759-437e-8d96-c94130da1e19.jfif','bati',32000.00,120,9),(24,'','/uploads/bd83ac9b-96e8-4002-8c0c-36dca54291f7.jfif','Extension',20000.00,200,7),(25,'','/uploads/b31e2d67-7487-4575-ab3a-5486d8ef620e.jfif','fuse voltage',300000.00,50,7),(26,'','/uploads/49d60e11-ddf7-4475-ab95-075a5b78d7ff.jfif','futi kamba',10000.00,200,9),(27,'','/uploads/c32aac4f-5679-4cb9-8d77-49c65363797e.jfif','senyenge',50000.00,50,9),(28,'','/uploads/f82a9449-a227-4e06-9c5a-f82fea0681b1.jfif','tofali',1200.00,20000,9),(29,'','/uploads/4863650c-e86e-47f1-ab76-fb4d37f17c8b.jfif','circuit breakers',35000.00,100,7),(30,'','/uploads/2aff3de4-4dd7-4a0d-a9f0-30b0bc12f68b.jfif','wire',10000.00,200,7),(31,'','/uploads/e1f1d239-a6e9-4e29-ad0a-b121c3ac20ca.jfif','toroli',55000.00,50,9),(32,'','/uploads/c3a6d135-6ab0-4b6e-a040-c4a3293ea8b9.jfif','connectors',2500.00,500,9);
/*!40000 ALTER TABLE `items` ENABLE KEYS */;
UNLOCK TABLES;

--
-- Table structure for table `order_items`
--

DROP TABLE IF EXISTS `order_items`;
/*!40101 SET @saved_cs_client     = @@character_set_client */;
/*!50503 SET character_set_client = utf8mb4 */;
CREATE TABLE `order_items` (
  `id` bigint NOT NULL AUTO_INCREMENT,
  `price` decimal(38,2) DEFAULT NULL,
  `quantity` int NOT NULL,
  `item_id` bigint DEFAULT NULL,
  `order_id` bigint DEFAULT NULL,
  PRIMARY KEY (`id`),
  KEY `FK88tn2oqcxl1034banqif9r70x` (`item_id`),
  KEY `FKbioxgbv59vetrxe0ejfubep1w` (`order_id`),
  CONSTRAINT `FK88tn2oqcxl1034banqif9r70x` FOREIGN KEY (`item_id`) REFERENCES `items` (`id`),
  CONSTRAINT `FKbioxgbv59vetrxe0ejfubep1w` FOREIGN KEY (`order_id`) REFERENCES `orders` (`id`)
) ENGINE=InnoDB AUTO_INCREMENT=44 DEFAULT CHARSET=utf8mb4 COLLATE=utf8mb4_0900_ai_ci;
/*!40101 SET character_set_client = @saved_cs_client */;

--
-- Dumping data for table `order_items`
--

LOCK TABLES `order_items` WRITE;
/*!40000 ALTER TABLE `order_items` DISABLE KEYS */;
INSERT INTO `order_items` VALUES (30,1500.00,1,20,9),(31,55000.00,1,31,10),(32,1500.00,1,20,11),(33,50000.00,1,27,12),(34,35000.00,1,29,12),(35,32000.00,1,23,12),(36,300.00,4,19,13),(37,300.00,7,19,14),(38,300.00,1,19,15),(40,300000.00,2,25,17),(41,20000.00,1,24,18),(42,32000.00,2,23,18),(43,10000.00,1,26,18);
/*!40000 ALTER TABLE `order_items` ENABLE KEYS */;
UNLOCK TABLES;

--
-- Table structure for table `orders`
--

DROP TABLE IF EXISTS `orders`;
/*!40101 SET @saved_cs_client     = @@character_set_client */;
/*!50503 SET character_set_client = utf8mb4 */;
CREATE TABLE `orders` (
  `id` bigint NOT NULL AUTO_INCREMENT,
  `created_at` datetime(6) DEFAULT NULL,
  `status` varchar(255) DEFAULT NULL,
  `total_amount` decimal(38,2) DEFAULT NULL,
  `user_id` bigint DEFAULT NULL,
  `address` varchar(255) DEFAULT NULL,
  `payment_method` varchar(255) DEFAULT NULL,
  `phone` varchar(255) DEFAULT NULL,
  `subtotal_amount` decimal(38,2) DEFAULT NULL,
  `delivery_fee` decimal(38,2) DEFAULT NULL,
  `delivery_district` varchar(255) DEFAULT NULL,
  PRIMARY KEY (`id`),
  KEY `FK32ql8ubntj5uh44ph9659tiih` (`user_id`),
  CONSTRAINT `FK32ql8ubntj5uh44ph9659tiih` FOREIGN KEY (`user_id`) REFERENCES `users` (`id`)
) ENGINE=InnoDB AUTO_INCREMENT=19 DEFAULT CHARSET=utf8mb4 COLLATE=utf8mb4_0900_ai_ci;
/*!40101 SET character_set_client = @saved_cs_client */;

--
-- Dumping data for table `orders`
--

LOCK TABLES `orders` WRITE;
/*!40000 ALTER TABLE `orders` DISABLE KEYS */;
INSERT INTO `orders` VALUES (9,'2026-03-14 10:53:13.798291','DELIVERED',1500.00,3,NULL,NULL,NULL,NULL,NULL,NULL),(10,'2026-03-31 10:03:45.333907','DELIVERED',55000.00,2,NULL,NULL,NULL,NULL,NULL,NULL),(11,'2026-04-01 08:52:11.435433','DELIVERED',1500.00,7,NULL,NULL,NULL,NULL,NULL,NULL),(12,'2026-04-05 15:00:06.856251','DELIVERED',117000.00,4,NULL,NULL,NULL,NULL,NULL,NULL),(13,'2026-05-02 08:59:14.507304','DELIVERED',1200.00,1,'mjimwema mskitini','CASH_ON_DELIVERY','776346875',NULL,NULL,NULL),(14,'2026-05-03 14:11:10.701175','DELIVERED',2100.00,2,'Bwisya','M-PESA','+255776346875',NULL,NULL,NULL),(15,'2026-05-05 12:48:56.002475','DELIVERED',300.00,2,'hshsh','CASH_ON_DELIVERY','98789379392',NULL,NULL,NULL),(17,'2026-05-05 13:42:44.865587','DELIVERED',600000.00,5,'Bwisya','M-PESA','+255776346875',NULL,NULL,NULL),(18,'2026-05-05 13:51:23.777993','DELIVERED',104100.00,5,'mjimwema','M-PESA','+255624105850',94000.00,10100.00,'Kigamboni');
/*!40000 ALTER TABLE `orders` ENABLE KEYS */;
UNLOCK TABLES;

--
-- Table structure for table `suggestions`
--

DROP TABLE IF EXISTS `suggestions`;
/*!40101 SET @saved_cs_client     = @@character_set_client */;
/*!50503 SET character_set_client = utf8mb4 */;
CREATE TABLE `suggestions` (
  `id` bigint NOT NULL AUTO_INCREMENT,
  `created_at` datetime(6) DEFAULT NULL,
  `message` varchar(255) DEFAULT NULL,
  `user_id` bigint DEFAULT NULL,
  PRIMARY KEY (`id`),
  KEY `FK7yns86oadd04hrdcstg7mhirm` (`user_id`),
  CONSTRAINT `FK7yns86oadd04hrdcstg7mhirm` FOREIGN KEY (`user_id`) REFERENCES `users` (`id`)
) ENGINE=InnoDB DEFAULT CHARSET=utf8mb4 COLLATE=utf8mb4_0900_ai_ci;
/*!40101 SET character_set_client = @saved_cs_client */;

--
-- Dumping data for table `suggestions`
--

LOCK TABLES `suggestions` WRITE;
/*!40000 ALTER TABLE `suggestions` DISABLE KEYS */;
/*!40000 ALTER TABLE `suggestions` ENABLE KEYS */;
UNLOCK TABLES;

--
-- Table structure for table `users`
--

DROP TABLE IF EXISTS `users`;
/*!40101 SET @saved_cs_client     = @@character_set_client */;
/*!50503 SET character_set_client = utf8mb4 */;
CREATE TABLE `users` (
  `id` bigint NOT NULL AUTO_INCREMENT,
  `email` varchar(255) NOT NULL,
  `password` varchar(255) NOT NULL,
  `role` varchar(255) NOT NULL,
  `username` varchar(255) NOT NULL,
  `first_name` varchar(255) NOT NULL,
  `last_name` varchar(255) NOT NULL,
  `profile_image_url` varchar(255) DEFAULT NULL,
  `district` varchar(255) DEFAULT NULL,
  `gender` varchar(255) DEFAULT NULL,
  `phone_number` varchar(255) DEFAULT NULL,
  `street` varchar(255) DEFAULT NULL,
  PRIMARY KEY (`id`),
  UNIQUE KEY `UK6dotkott2kjsp8vw4d0m25fb7` (`email`)
) ENGINE=InnoDB AUTO_INCREMENT=14 DEFAULT CHARSET=utf8mb4 COLLATE=utf8mb4_0900_ai_ci;
/*!40101 SET character_set_client = @saved_cs_client */;

--
-- Dumping data for table `users`
--

LOCK TABLES `users` WRITE;
/*!40000 ALTER TABLE `users` DISABLE KEYS */;
INSERT INTO `users` VALUES (1,'tysonmayenze147@gmail.com','$2a$10$G1WKJqJTjGLjQ6W6XBBwJ./B50heiKW82LKh/3lqMucXc8dhITwBq','CUSTOMER','tysonmayenze147@gmail.com','Tyson','Mayenze','/uploads/profiles/profile_d6a23119-e631-499f-b54e-c1eeb197695e.jpg','Kigamboni','MALE','776346875','mjimwema'),(2,'philipotyson147@gmail.com','$2a$10$G1WKJqJTjGLjQ6W6XBBwJ./B50heiKW82LKh/3lqMucXc8dhITwBq','ADMIN','philipotyson147@gmail.com','Philipo','Tyson',NULL,NULL,NULL,NULL,NULL),(3,'zabronmagonji@gmail.com','$2a$10$XtY6uagboBTugfPvfJpV5.2zBO2h7eVshBAd1XiELRX1GI2GH.M.u','CUSTOMER','zabronmagonji@gmail.com','zabron','Magonji',NULL,NULL,NULL,NULL,NULL),(4,'sylivesternussu12@gmail.com','$2a$10$.wYwdocMI.GFGPeIfSaQfO1dJn82z13EKJ9l/iuj3KK2CoN4lv28.','CUSTOMER','sylivesternussu12@gmail.com','sylivester','Nussu','/uploads/profiles/profile_1d597da8-479b-4cda-9436-d81de4039741.jpg',NULL,NULL,NULL,NULL),(5,'benardomanoti@gmail.com','$2a$10$22dNn0G3jECR0UyeWorQoekAh24rFI51vlCreBj9AraS3RuLqRGgu','CUSTOMER','benardomanoti@gmail.com','benardo','manoti',NULL,NULL,NULL,NULL,NULL),(6,'amosc0465@gmail.com','$2a$10$9oclRfRe7ekVR9gVd5tyYuj8eTscJTjjx3PYZkykSjk0YcAbDKM22','CUSTOMER','amosc0465@gmail.com','Christina','Amos',NULL,NULL,NULL,NULL,NULL),(7,'fakeone@cmail.com','$2a$10$6vVVvbRXRHWdoi7pLOhF4.JvJ6N3QSz/ew9/R6uM8NrcTZI0EjpsG','CUSTOMER','fakeone@cmail.com','Asumani','Idi Chuji',NULL,NULL,NULL,NULL,NULL),(8,'emmanueljuliusjuma@outlook.com','$2a$10$UIg0FToXW2hA5rqTGlph5.O1HEsEeZncfqbR4mA1uzL0hcuNESNXy','CUSTOMER','emmanueljuliusjuma@outlook.com','Harvid ','Juma',NULL,NULL,NULL,NULL,NULL),(9,'collinsmunisy02@gmail.com','$2a$10$UMizzIvviGW3.9bAPwIZ..bmNLdbxUMM/b38vucoMhOxW0TugdHE.','CUSTOMER','collinsmunisy02@gmail.com','Collins','Munisy',NULL,NULL,NULL,NULL,NULL),(10,'fatumaismail@gmail.com','$2a$10$WXEYHvNv9WBPtG4q/mwkjuIbHENLUyoNd8a.Yw29IEuwftVrdi2za','CUSTOMER','fatumaismail@gmail.com','fatuma','ismail',NULL,NULL,NULL,NULL,NULL),(11,'lusato@gmail.com','$2a$10$TLMjdrJn/JKnyg66QeDSPO.CdRiuJHSZMhTb4sjlU5BoSSy.dLYba','CUSTOMER','lusato@gmail.com','lusato','mayenze',NULL,'Kigamboni',NULL,'784336435','mjimwema'),(12,'urioalex991@gmail.com','$2a$10$H.YlLV5v6bOqMGAjg95Yu.eAK5EGe2YwpI.XtODSHuTgrRWCtL6l6','CUSTOMER','urioalex991@gmail.com','Alex','Urio',NULL,'Kinondoni',NULL,'688493158','Uliko tupo'),(13,'philipotyson608@gmail.com','$2a$10$AsJzxRcnV9W68MRSbs/qH.ESno/e8sO35MflI1QGlugELcTjDfXaC','ADMIN','philipotyson608@gmail.com','Philipo','Tyson',NULL,'Kigamboni','MALE','618659534','Ubungo maji');
/*!40000 ALTER TABLE `users` ENABLE KEYS */;
UNLOCK TABLES;
/*!40103 SET TIME_ZONE=@OLD_TIME_ZONE */;

/*!40101 SET SQL_MODE=@OLD_SQL_MODE */;
/*!40014 SET FOREIGN_KEY_CHECKS=@OLD_FOREIGN_KEY_CHECKS */;
/*!40014 SET UNIQUE_CHECKS=@OLD_UNIQUE_CHECKS */;
/*!40101 SET CHARACTER_SET_CLIENT=@OLD_CHARACTER_SET_CLIENT */;
/*!40101 SET CHARACTER_SET_RESULTS=@OLD_CHARACTER_SET_RESULTS */;
/*!40101 SET COLLATION_CONNECTION=@OLD_COLLATION_CONNECTION */;
/*!40111 SET SQL_NOTES=@OLD_SQL_NOTES */;

-- Dump completed on 2026-05-20 15:04:59
